"SpeciesAuthor","GenT","log_gen_t"
"Abies_balsamea",NA,NA
"Abies_concolor",53.8055838317864,3.98537725047698
"Abies_homolepis",NA,NA
"Abies_magnifica",61.8866608018311,4.12530466053632
"Abies_sachalinensis",NA,NA
"Abies_sachalinensis_2",22.1735770948843,3.09890135905159
"Abutilon_theophrasti",NA,NA
"Acacia_aneura",NA,NA
"Acacia_bilimekii",35.6064771093749,3.57252756258325
"Acacia_pennatula",NA,NA
"Acacia_suaveolens",48.1465302855301,3.87424907511868
"Acacia_victoriae",NA,NA
"Acer_amoenum",236.474999440439,5.46584249173297
"Acer_mono",67.307529986472,4.20927211726361
"Acer_rufinerve",101.850169445204,4.6235028063455
"Acer_saccharum",10.8503692866229,2.38419911504072
"Achillea_millefolium",1.28348759627893,0.249581057300227
"Achnatherum_calamagrostis",17.3026437774913,2.85085930933619
"Actaea_elata",18.5246440402962,2.91910195589882
"Actaea_spicata",30.9001956928312,3.43076251698498
"Actinostemon_concolor",77.4966281023408,4.35023442705589
"Adenocarpus_gibbsianus",13.2035447083082,2.58048533205051
"Adenophora_lobophylla",8.44058275045388,2.13305135248659
"Adenophora_potaninii",6.82859300856597,1.92111865068735
"Adesmia_volckmannii",12.9659710507942,2.56232831404895
"Aechmea_magdalenae",NA,NA
"Aechmea_nudicaulis",NA,NA
"Aeschynomene_virginica",1.08189106744565,0.0787104983187247
"Aesculus_turbinata",159.122829220719,5.06967641480946
"Agave_angustifolia",11.9509517707023,2.48081092128981
"Agave_marmorata",NA,NA
"Agave_potatorum",37.8244987394154,3.6329570074892
"Agrimonia_eupatoria",47.5389272111249,3.86154889565145
"Agropyron_cristatum",23.2523730563379,3.14640719376415
"Agropyron_repens",0.528478201665713,-0.637753720188103
"Ailanthus_altissima",13.0050863160059,2.5653405360186
"Ailanthus_altissima_2",5.79085657237146,1.7562802206034
"Alaria_nana",3.64766476921314,1.29408717358524
"Alliaria_petiolata",4.23629247926842,1.44368847145295
"Alliaria_petiolata_2",3.063112915115,1.11943169139415
"Alliaria_petiolata_3",2.27138458289416,0.82038959396191
"Alliaria_petiolata_4",7.36540280929374,1.99679374078748
"Allium_sativum",2.29167418853354,0.82928263714832
"Allium_tricoccum",66.985447238421,4.20447539040176
"Allium_vineale",2.16022348637132,0.770211682256493
"Alnus_incana_subsp._rugosa",18.7493734714727,2.93116033700334
"Alternanthera_philoxeroides",0.666666666666667,-0.405465108108164
"Alyxia_stellata",23.3186600724249,3.14925390153068
"Amaranthus_retroflexus",NA,NA
"Ambrosia_dumosa",13.2661764744922,2.58521767378076
"Anarrhinum_fruticosum",8.170906281058,2.10057983063394
"Andropogon_brevifolius",6.00000000000004,1.79175946922806
"Andropogon_gerardii",2.41417188960008,0.881356325442799
"Andropogon_semiberbis",5.28641178638718,1.66513971446977
"Androsace_elongata",1.85460106050537,0.61766961120814
"Androsace_vitaliana",11.5278094472575,2.44476232900279
"Anemone_patens",5.58395523861985,1.71989734942147
"Anisoptera_laevis",312.510535177269,5.74463818117546
"Annamocarya_sinensis",152.701118034843,5.02848253397148
"Anthericum_liliago",3.20025043848942,1.16322906877131
"Anthericum_ramosum",28.638380935051,3.35474780889709
"Anthoxanthum_odoratum",NA,NA
"Anthyllis_vulneraria",2.74150194109766,1.0085059239039
"Anthyllis_vulneraria_subsp._alpicola",13.1139786985155,2.57367873750852
"Antirrhinum_lopesianum",17.6867066899029,2.87281332294335
"Antirrhinum_subbaeticum",36.206261229302,3.58923206601091
"Aquilaria_crassna",67.7510770066835,4.21584035641107
"Aquilaria_malaccensis",9.88149807645131,2.29066412743672
"Aquilaria_microcarpa",25.928620831882,3.25534741000962
"Aquilegia_chrysantha",6.08127913841564,1.80521505845817
"Aquilegia_sp.",8.46582015505165,2.13603689867107
"Arabis_fecunda",4.93865534453817,1.59709309668547
"Araucaria_araucana",21.5410383998888,3.06995987854626
"Araucaria_cunninghamii",141.26922052377,4.95066743527382
"Araucaria_cunninghamii_2",153.688575850482,5.03492832019905
"Araucaria_hunsteinii",91.0993535264583,4.51195070793402
"Araucaria_hunsteinii_2",141.024800017918,4.94893576156382
"Araucaria_hunsteinii_3",NA,NA
"Araucaria_laubenfelsii",244.629822991417,5.49974614137847
"Araucaria_muelleri",678.124466517788,6.51933085002664
"Ardisia_elliptica",115.963335601524,4.7532740687443
"Ardisia_escallonioides",14.2842415129957,2.65915693752791
"Arenaria_bolosii",29.834262344422,3.39565747616435
"Arenaria_serpyllifolia",1.24115381756507,0.216041445008358
"Argyroxiphium_sandwicense_subsp._macrocephalum",31.9303278974168,3.46355627593224
"Ariocarpus_fissuratus",97.0805766119284,4.57554132039503
"Ariocarpus_scaphirostris",90.2164887694815,4.50221221268468
"Arisaema_serratum",14.3993762138486,2.66718488716095
"Aristida_bipartita",6.06783077184948,1.80300117247667
"Armeria_caespitosa",16.8470924656175,2.82417808793993
"Armeria_maritima",11.7876802099329,2.46705493606608
"Armeria_merinoi",10.8341786658706,2.38270582831909
"Arnica_angustifolia",214.647119500707,5.36899537506367
"Artemisia_genipi",15.5285785065823,2.74268210087741
"Artemisia_tripartita",40.8086873416572,3.70889498378541
"Asarum_canadense",56.3062429223594,4.03080541571858
"Asclepias_meadii",24.4666638086734,3.19731153014064
"Ascophyllum_nodosum",14.9238264399625,2.70295902569886
"Ascophyllum_nodosum_3",9.44434779908034,2.24541644606319
"Aspasia_principissa",19.8440664668701,2.98790504390256
"Asplenium_adulterinum",32.1666657190686,3.47093069021782
"Asplenium_cuneifolium",36.6418797518946,3.60119184176219
"Asplenium_scolopendrium",11.5003204647991,2.44237490148521
"Astragalus_alopecurus",68.6134407010627,4.22848844412726
"Astragalus_australis_var._olympicus",37.163495301719,3.61532697038653
"Astragalus_bibullatus",19.0771714157746,2.94849240638109
"Astragalus_cremnophylax_var._cremnophylax",NA,NA
"Astragalus_peckii",6.06973530130951,1.80331499642856
"Astragalus_scaphoides",14.0650998454577,2.64369654077604
"Astragalus_scaphoides_2",13.6924433343989,2.61684409922634
"Astragalus_scaphoides_6",18.7232394773308,2.92976550508091
"Astragalus_tremolsianus",47.1359163445852,3.8530352655117
"Astragalus_tyghensis",12.040478230529,2.48827415923546
"Astrocaryum_aculeatissimum",519.402039003083,6.25267822491036
"Astrocaryum_mexicanum",343.883782835252,5.84030375969721
"Astrophytum_asterias",11.6847391615831,2.4582836452413
"Astrophytum_capricorne",6.34795336829141,1.84813245674736
"Astrophytum_capricorne_2",19.9505899768788,2.99325871567449
"Astrophytum_myriostigma",28.8504259992393,3.36212475884992
"Astrophytum_ornatum",43.0880871940601,3.76324655969466
"Astrophytum_ornatum_2",6.7151917360577,1.90437238296409
"Atriplex_acanthocarpa",7.32517688689544,1.99131730299319
"Atriplex_canescens",40.2032592819808,3.69394806900463
"Attalea_humilis",26.9875883595354,3.29537706992673
"Aurinia_saxatilis_subsp._saxatilis",6.21714653349352,1.82731104481698
"Austrostipa_aristiglumis",NA,NA
"Avicennia_germinans",29.7586996282215,3.39312151372197
"Avicennia_marina_2",82.0323680651,4.40711390187909
"Balsamorhiza_sagittata",NA,NA
"Banksia_ericifolia",12.6228443664172,2.53550821732905
"Bencomia_exstipulata",97.0185913223577,4.57490262325544
"Bertholletia_excelsa",215.981639949945,5.3751934038397
"Betula_nana",NA,NA
"Boltonia_decurrens",4.11111020117816,1.41369311397294
"Borassus_aethiopum",99.1494996867172,4.59662880892904
"Borderea_chouardii",101.285225876664,4.61794055537301
"Boswellia_papyrifera",59.9968428171869,4.09429194112408
"Bothriochloa_insculpta",17.6013638004567,2.86797638770433
"Botrychium_mormo",8.87168036227284,2.18286422170212
"Bouteloua_curtipendula",13.7934136850893,2.62419120903754
"Bouteloua_eriopoda",13.5149471241302,2.60379626733675
"Bouteloua_eriopoda_2",17.7197355611185,2.87467902187814
"Bouteloua_gracilis",24.5572123651393,3.20100559378891
"Bouteloua_hirsuta",20.7326266869631,3.03170862787384
"Bouteloua_rothrockii",4.6319204826597,1.53297157316732
"Brassica_insularis",16.9058581352728,2.82766019708816
"Brassica_napus_2",1.0467544038737,0.0456943330959416
"Braya_fernaldii",9.3359218941503,2.23386952885567
"Braya_longii",9.92190325776221,2.29474476355539
"Bromus_tectorum",NA,NA
"Bromus_tectorum_3",4,1.38629436111989
"Brosimum_alicastrum",54.8804128950669,4.00515650698749
"Broughtonia_cubensis",19.1006512222414,2.94972242987666
"Bursera_glabrifolia",25.4773569977556,3.23779009682126
"Caladenia_amonea",13.9370584506566,2.63455136804812
"Caladenia_argocalla",5.28398915562753,1.66468133435433
"Caladenia_clavigera",8.73878145686786,2.16777075853638
"Caladenia_elegans",7.04300417620103,1.95203480872079
"Caladenia_graniticola",5.81374112593027,1.76022427516159
"Caladenia_macroclavia",4.20074637794465,1.43526221853538
"Caladenia_oenochila",7.0060688392866,1.94677675048874
"Caladenia_rosella",7.47711039767371,2.01184640687784
"Caladenia_valida",8.93578517206637,2.19006402075123
"Calamagrostis_canescens",NA,NA
"Calamus_platyacanthus",42.187599220305,3.74212632051869
"Calamus_rhabdocladus",725.553157650089,6.58693434000549
"Calathea_marantifolia",30.8716105660359,3.42983700968426
"Calathea_micans",50.9560964207526,3.93096440748126
"Calathea_ovandensis",32.7437355680214,3.48871166341908
"Callitris_intratropica",434.965890208752,6.07526761470099
"Calluna_vulgaris",6.37947122416124,1.85308521369643
"Calocedrus_decurrens",80.3339227027035,4.38619198134381
"Calocedrus_macrolepis",98.9359194338423,4.59447236211342
"Calochortus_albus",7.29383045875571,1.98702884818376
"Calochortus_lyallii",19.7663648368695,2.98398174758338
"Calochortus_lyallii_2",16.765303717747,2.81931149593346
"Calochortus_macrocarpus",22.2443418688461,3.10208767824363
"Calochortus_obispoensis",63.9844863018127,4.15864065244149
"Calochortus_pulchellus",17.051729948242,2.83625166182248
"Calochortus_tiburonensis",25.8711290721336,3.25312763931721
"Carapa_guianensis_2",366.686925003068,5.9045084186005
"Carduus_nutans",3.48152989908082,1.24747182335176
"Carduus_nutans_2",1.70409735835315,0.533035561958745
"Carduus_nutans_3",2.86425950563892,1.0523098545044
"Carduus_nutans_5",2.25872351342384,0.814799836645849
"Carex_aquatilis_subsp._stans",NA,NA
"Carex_bigelowii",55.8693493814573,4.02301591818144
"Carex_humilis",NA,NA
"Carex_membranacea",NA,NA
"Carlina_vulgaris",6.41681278214646,1.85892154305003
"Carlina_vulgaris_2",3.76255818264517,1.32509909378139
"Carnegiea_gigantea",36.1943477420939,3.58890296691949
"Carum_carvi",8.89698759672307,2.18571274716512
"Cassia_nemophila",16.673423034419,2.81381601668007
"Castanea_dentata",245.236472398162,5.50222293850691
"Catopsis_compacta",17.4055194154768,2.85678736370675
"Catopsis_sessiliflora",21.0378787669631,3.04632456372624
"Cecropia_obtusifolia",26.6502644932068,3.28279907526079
"Cedrela_odorata",NA,NA
"Cedrela_odorata_2",NA,NA
"Cedrela_odorata_3",NA,NA
"Cedrela_odorata_4",NA,NA
"Cedrela_odorata_5",NA,NA
"Cedrela_odorata_6",NA,NA
"Cedrela_odorata_7",NA,NA
"Cedrela_odorata_8",NA,NA
"Centaurea_corymbosa",5.18659293165592,1.64607701371937
"Centaurea_corymbosa_2",5.06510685734458,1.62237523468335
"Centaurea_horrida",47.3868862520086,3.85834552907319
"Centaurea_jacea",17.5711195600233,2.86625662014753
"Centaurea_maculosa",26.4151997835875,3.2739395938505
"Centaurea_stoebe",NA,NA
"Cephalanthera_longifolia",13.4638404263994,2.60000760494657
"Cephalocereus_senilis",NA,NA
"Cerastium_fontanum",1.01543111471066,0.0153132658730406
"Cerastium_pumilum",4.64311386674844,1.53538523312829
"Ceratozamia_mirandae",4.60617418271567,1.52739761716538
"Ceratozamia_norstogii",13.380433560614,2.59379345780843
"Chaerophyllum_aureum",41.4298631879184,3.72400195383714
"Chamaecrista_keyensis",10.5673966861092,2.35777347684221
"Chamaedorea_elegans",31.017172797377,3.43454101231099
"Chamaedorea_radicalis",25.7450491851113,3.24824234396865
"Chamaedorea_radicalis_2",30.7964948170353,3.42740087886158
"Chamaedorea_radicalis_3",32.4074026634362,3.47838687396788
"Chamaelirium_luteum",51.2277152376036,3.93628069882275
"Cheirolophus_metlesicsii",3.45631893357237,1.24020413070368
"Chlorocardium_rodiei",249.731209856059,5.52038517888673
"Choerospondias_axillaris",304.551943862705,5.71884165999962
"Cimicifuga_elata",12.0412339008624,2.48833691808993
"Cimicifuga_rubifolia",40.7151959907267,3.70660138863038
"Cirsium_acaule",44.179374663469,3.78825804360183
"Cirsium_acaule_2",48.4798923973328,3.88114912223163
"Cirsium_arvense",2.36917002466021,0.86253969324719
"Cirsium_dissectum",84.9081345813469,4.44156990240646
"Cirsium_palustre",3.31506125363617,1.19847610118542
"Cirsium_pannonicum",30.9631434934346,3.43279757759296
"Cirsium_perplexans",4.552784460673,1.51573901516464
"Cirsium_perplexans_2",4.19128911992031,1.43300835246672
"Cirsium_pitcheri",13.7256134999807,2.61926368584875
"Cirsium_pitcheri_2",4.567835038385,1.51903935926403
"Cirsium_pitcheri_3",5.44460851206166,1.69462585518883
"Cirsium_pitcheri_4",4.94745675551835,1.59887365778298
"Cirsium_pitcheri_5",5.55125403893781,1.71402385519658
"Cirsium_pitcheri_6",6.09283076169688,1.80711279502255
"Cirsium_pitcheri_8",5.98285724814108,1.78889825454462
"Cirsium_pitcheri_9",5.41131204265269,1.68849158520201
"Cirsium_scariosum",8.29936570008373,2.11617909020561
"Cirsium_scariosum_2",8.06080612503385,2.0870135670302
"Cirsium_undulatum",1.22660298415484,0.204248547073935
"Cirsium_undulatum_var._tracyi",5.20765932896752,1.65013048974207
"Cirsium_undulatum_var._tracyi_2",4.89403751074583,1.58801762963063
"Cirsium_vulgare",2.77672569983937,1.02127242773099
"Cirsium_vulgare_3",4,1.38629436111989
"Cleistes_divaricata_var._bifaria",9.60541395137622,2.26232689278026
"Cleistes_divaricata_var._divaricata",13.8502671938865,2.62830452442462
"Cleome_droserifolia",13.7576512730228,2.62159512556807
"Clidemia_hirta",25.875056530833,3.25327943634964
"Clintonia_borealis",NA,NA
"Coccothrinax_readii",85.9107047572782,4.45330844005338
"Cochlearia_bavarica",7.40350944057678,2.00195413651633
"Cochlearia_pyrenaica",5.34311557505766,1.6758089238586
"Colchicum_autumnale_2",23.4854704099065,3.15638194950644
"Collinsia_verna",1.32033210747995,0.277883301528886
"Commelina_benghalensis",NA,NA
"Commelina_bracteosa",NA,NA
"Conradina_glabra",14.0512138227955,2.64270878512962
"Conradina_glabra_2",15.3979399710431,2.73423373235775
"Conyza_canadensis",1.40442371185402,0.339627049144273
"Corallorhiza_trifida",14.7037940139194,2.6881055566686
"Cornus_florida",20.0730031910363,2.99937578744035
"Coryphantha_robbinsorum",30.1022171132939,3.40459882729116
"Coryphantha_werdermannii",106.48343945139,4.66798947494938
"Coryphantha_werdermannii_2",65.5168843187683,4.18230788528178
"Cryptantha_flava",16.9454124515347,2.82999714536678
"Cryptantha_flava_2",9.26429800534012,2.22616808841992
"Cucurbita_pepo",1.33768917976133,0.290943632598142
"Cynoglossum_officinale",3.57143945420285,1.27296872298504
"Cynoglossum_virginianum",24.0724900014327,3.18106969477996
"Cypripedium_calceolus",244.11713276601,5.49764816242466
"Cypripedium_calceolus_2",26.9010033473193,3.29216358506905
"Cypripedium_calceolus_3",58.9976113121549,4.07749695685147
"Cypripedium_calceolus_5",84.9333466188111,4.44186679145231
"Cypripedium_fasciculatum",22.7040410943001,3.1225429304187
"Cypripedium_parviflorum_var._parviflorum",47.1888476280661,3.85415758560682
"Cyrtandra_dentata_2",21.2431558936067,3.05603476789796
"Cystoseira_zosteroides",16.3002430734783,2.79118002018486
"Cystoseira_zosteroides_2",6.72606220697713,1.90598986200816
"Cytisus_scoparius",37.9061349011829,3.63511296973234
"Cytisus_scoparius_5",5.80564075422508,1.75882998876993
"Dacrydium_elatum",127.297367795918,4.84652582817691
"Dactylorhiza_lapponica",11.2175452502914,2.41747909276148
"Dactylorhiza_lapponica_2",13.2491066525349,2.58393012770904
"Daemonorops_poilanei",28.0318911392748,3.33334283130162
"Danthonia_sericea",26.1956036299947,3.26559159630511
"Daphne_rodriguezii",45.2863952141155,3.81300666098277
"Daucus_carota",4.18061273900192,1.43045782407162
"Dendropanax_trifidus",NA,NA
"Dendrophylax_lindenii",24.0614036460598,3.18060904824884
"Dicentra_canadensis",35.0165730374387,3.55582146477179
"Dicerandra_frutescens",12.4862451516597,2.5246276505698
"Dicorynia_guianensis",177.248864865263,5.17755476124653
"Dicymbe_altsonii",133.163768083482,4.89157970971921
"Digitalis_purpurea",4.61219863560189,1.52870467077725
"Digitalis_purpurea_2",9.15548439051327,2.21435308666817
"Dioon_caputoi",193.710707588444,5.26636584812333
"Dioon_edule",NA,NA
"Dioon_merolae",931.587088193086,6.83688967809564
"Dioon_sonorense",NA,NA
"Dioon_spinulosum",219.947701993428,5.39338979988122
"Dipsacus_sylvestris_2",4.68502494390315,1.54437123988179
"Dipsacus_sylvestris_3",NA,NA
"Disporum_smilacinum",NA,NA
"Dodonaea_angustifolia",8.14317392270848,2.0971800208113
"Dorycnium_spectabile",5.59294447153825,1.72150588758317
"Draba_asterophora",15.2761434535426,2.72629236009835
"Draba_verna",NA,NA
"Dracaena_cinnabari",NA,NA
"Dracocephalum_austriacum_2",44.635981494325,3.79854029373257
"Dracocephalum_austriacum_ipm",21.3920619885732,3.06301991810096
"Duguetia_neglecta",171.133278666284,5.14244266032761
"Echeveria_longissima",36.0356456441398,3.58450860535589
"Echinacea_angustifolia",1.65577871790288,0.50427142257974
"Echinacea_angustifolia_2",37.6630220296457,3.62867876508776
"Echinacea_angustifolia_4",NA,NA
"Echinocactus_platyacanthus",319.598044728396,5.76706409600231
"Echinochloa_crus-galli",NA,NA
"Echinospartum_algibicum",12.0877619014962,2.49219352767984
"Echium_vulgare",3.67159695039283,1.30062670376893
"Ecklonia_radiata",5.57218612475143,1.71778745894033
"Encephalartos_cycadifolius",110.641515756098,4.70629538715509
"Encephalartos_villosus",82.9883330935195,4.41870003277807
"Entandrophragma_cylindricum",105.506273732153,4.65877041780353
"Eperua_falcata",181.903968716777,5.20347890341018
"Epilobium_latifolium",NA,NA
"Epipactis_atrorubens",73.6603754581291,4.2994650081819
"Epipactis_atrorubens_3",127.813272679468,4.85057039163278
"Eremophila_forrestii",179.773437533169,5.19169737771546
"Eremophila_maitlandii",54.7753924846873,4.00324105085407
"Eremosparton_songoricum",1.8431081497577,0.611453358332093
"Eremospatha_macrocarpa",114.178077047062,4.73775930897778
"Erica_ciliaris",9.64739167007153,2.26668758555825
"Erigeron_kachinensis",NA,NA
"Eriogonum_longifolium_var._gnaphalifolium_2",22.06046222682,3.09378696677085
"Eriophorum_angustifolium_subsp._triste",NA,NA
"Eritrichium_caucasicum",5.45517672824414,1.69656501623855
"Erodium_paularense",38.6171490890887,3.65369645472841
"Erycina_crista-galli",5.81001528750571,1.75958320210058
"Eryngium_alpinum",24.84291986806,3.21257279718052
"Eryngium_alpinum_2",21.7300477775699,3.07869599295759
"Eryngium_cuneifolium",9.03230345691744,2.20080742425876
"Eryngium_maritimum",4.5994414955923,1.5259348821221
"Erythronium_japonicum",17.1615487166755,2.84267134154191
"Erythronium_japonicum_2",32.239813859209,3.47320214402402
"Erythronium_japonicum_3",21.8588593450636,3.08460630138073
"Escontria_chiotilla",61.9019385127122,4.1255514960453
"Espeletia_spicata",13.8394369203858,2.62752226441865
"Espeletia_timotensis",17.9419474963122,2.88714140683207
"Eupatorium_perfoliatum",20.9218881100653,3.0407958889513
"Eupatorium_resinosum",3.20333435011046,1.16419225172625
"Euphorbia_fontqueriana",36.8609723619747,3.60715333176283
"Euphorbia_telephioides",24.0753634906195,3.18118905583063
"Euterpe_edulis",31.740059447558,3.45757958805045
"Euterpe_edulis_2",NA,NA
"Euterpe_edulis_4",82.4220049540673,4.41185245167725
"Euterpe_oleracea",88.9312807974283,4.48786394561784
"Euterpe_precatoria",135.425004461524,4.90841801448857
"Euterpe_precatoria_2",49.5634624104823,3.90325391732472
"Fabiana_imbricata",19.4512536359583,2.96791152227828
"Fabiana_imbricata_2",153.855895561201,5.03601642122366
"Fagus_crenata",NA,NA
"Fagus_grandifolia",30.4644379920883,3.41656003587195
"Fagus_sylvatica",NA,NA
"Festuca_eskia",NA,NA
"Festuca_gracillima",12.7621684151012,2.54648520196629
"Fragaria_vesca",NA,NA
"Frasera_speciosa",NA,NA
"Frasera_speciosa_2",100.094079696697,4.60611054068296
"Fritillaria_camtschatcensis",NA,NA
"Fritillaria_camtschatcensis_2",NA,NA
"Fritillaria_meleagris",15.5573782328504,2.74453501052078
"Froelichia_floridana",3.67089259997423,1.30043484774628
"Fucus_distichus",36.3859227770139,3.59418196294547
"Fucus_serratus",4.56172632110369,1.51770113107268
"Fumana_procumbens",18.7054768306675,2.92881635962529
"Garcinia_lucida",78.961537388171,4.3689608654039
"Garcinia_lucida_2",73.4229569113327,4.29623665117944
"Gardenia_actinocarpa",43.9673230918026,3.78344670100745
"Gaura_neomexicana_subsp._coloradensis",4.57556818822797,1.52073088516422
"Gentiana_pneumonanthe",12.6055984869237,2.53414103963362
"Gentiana_pneumonanthe_3",NA,NA
"Gentianella_campestris",2.20326953452513,0.789942409190088
"Geonoma_brevispatha",15.4658598867633,2.73863500670984
"Geonoma_macrostachys",78.7892395319193,4.366776433376
"Geonoma_orbignyana",52.170872438736,3.95452433989114
"Geonoma_schottiana",111.239282314932,4.71168357766329
"Geranium_sylvaticum",10.529418348527,2.35417308706344
"Geranium_sylvaticum_2",19.3188977552923,2.96108377515334
"Geum_reptans",77.9463159999736,4.35602033332182
"Geum_rivale",30.7311356899563,3.42527633250331
"Gilia_tenuiflora_subsp._hoffmannii",3.25922910471673,1.18149069646917
"Gracilaria_gracilis",10.7804154598042,2.37773110460872
"Grias_peruviana",60.5782273989664,4.10393554467193
"Guaiacum_sanctum",126.400269371823,4.83945361281668
"Guarianthe_aurantiaca",45.6409398883181,3.82080511830326
"Guettarda_viburnoides",34.6738169354846,3.54598484695942
"Haplopappus_radiatus",15.2801651249242,2.72655559028497
"Harrisia_fragrans",65.2593119774336,4.1783687483182
"Hedyotis_nigricans",1.10877758708424,0.103258135580587
"Helenium_virginicum",23.7161205180035,3.16615500754934
"Helianthemum_juliae",13.0855885229292,2.57151151188541
"Helianthemum_polygonoides",13.3005920050156,2.5878085458924
"Helianthemum_teneriffae",3.90665289050237,1.36268096915262
"Helianthus_divaricatus",NA,NA
"Heliconia_acuminata",207.570279300873,5.3354699777523
"Heliconia_metallica",40.7134434620341,3.70655834410195
"Heracleum_mantegazzianum",5.02809617731175,1.61504141888868
"Herminium_monorchis",NA,NA
"Hesperostipa_comata",48.7815164303022,3.88735147943665
"Hesperostipa_comata_2",9.06780423540482,2.20473014390374
"Heteropogon_contortus",17.9662248737993,2.88849359936006
"Heteropsis_flexuosa",77.8307598866144,4.35453672433896
"Heteropsis_macrophylla",389.681298024256,5.96532922049319
"Heteropsis_oblongifolia",8.18301152684125,2.10206024017694
"Hieracium_floribundum",262.33394889501,5.56961830623324
"Hilaria_mutica",7.70358620978664,2.04168596196645
"Himantoglossum_hircinum",6.4096671878753,1.85780734881636
"Himatanthus_drasticus",175.164451995049,5.16572525834375
"Holocarpha_macradenia",7.87487357358432,2.0636771304348
"Horkelia_congesta",16.3417906797724,2.79372567215281
"Hybrid: Raphanus_raphanistrum x R. sativus",3.31698990851618,1.19905771760761
"Hydrangea_paniculata",NA,NA
"Hydrastis_canadensis_3",32708650060449,31.1186606866929
"Hylocomium_splendens",NA,NA
"Hylocomium_splendens_2",2.91203497028569,1.06885213928901
"Hylocomium_splendens_3",NA,NA
"Hylocomium_splendens_4",NA,NA
"Hymenoxys_herbacea",12.4019071892231,2.51785026636663
"Hyparrhenia_diplandra",12.0399391942389,2.48822938955554
"Hypericum_cumulicola",7.82329935053691,2.05710637741081
"Hypericum_cumulicola_2",8.7616861588793,2.17038837031598
"Hypochaeris_radicata",10.2862190001497,2.33080503821588
"Hypochaeris_radicata_2",6.33657924758249,1.8463390719847
"Ipomoea_leptophylla",6.64382413685719,1.89368772193311
"Ipomopsis_aggregata",3.19009967478042,1.16005216232128
"Ipomopsis_tenuituba",7.64127034048474,2.03356386428884
"Iriartea_deltoidea",55.5877406720852,4.01796268543545
"Iridaea_splendens",4.54413203718056,1.51383673847481
"Iris_germanica",139.897303089956,4.94090860407287
"Iris_hexagona",3.23844004535106,1.17509174637731
"Isatis_tinctoria",4.00000000000001,1.38629436111989
"Jacobaea_vulgaris",2.1840588310646,0.781184994820497
"Jacquiniella_leucomelana",6.89957587723464,1.93145994264659
"Jacquiniella_teretifolia",18.9505650320181,2.94183374807696
"Juniperus_procera",103.41318435748,4.63873246223868
"Jurinea_fontqueri",6.97147422649007,1.94182671266412
"Khaya_senegalensis",11275.9875790678,9.3304307506963
"Khaya_senegalensis_2",238.758383959453,5.47545209480482
"Knautia_arvensis",8.44144385287234,2.13315336659182
"Koeleria_macrantha",0.724283576455973,-0.322572283095273
"Kosteletzkya_pentacarpos",28.1658844186661,3.338111473191
"Kummerowia_striata",1.56446552228569,0.447544246354849
"Kunkeliella_subsucculenta",13.6633694127526,2.61471848644621
"Laccosperma_secundiflorum",51.2895151963949,3.9374863491513
"Lactuca_serriola",3.6404903771732,1.29211839157849
"Lactuca_serriola_2",1.44422782211184,0.367574799571609
"Lactuca_virosa",NA,NA
"Laminaria_digitata",7.08696821337105,1.95825763461573
"Laminaria_longicruris",NA,NA
"Lantana_camara",10.3550473789604,2.33747407030405
"Lantana_camara_2",7.06241198026555,1.95478663342365
"Laserpitium_longiradium",20.892003858868,3.03936649527957
"Lathyrus_vernus",53.0590679080015,3.97140578180071
"Lathyrus_vernus_2",27.2996560307241,3.30687410250436
"Lathyrus_vernus_3",338.403703615213,5.82423957216158
"Lechea_cernua",12.2571053464976,2.50610579712487
"Lechea_deckertii",13.4370108526196,2.59801290355981
"Leontopodium_alpinum",83.9042884018395,4.42967672541888
"Lepanthes_acuminata",8.32853356679757,2.11968739828022
"Lepanthes_caritensis",3632895743.24682,22.0132958926217
"Lepanthes_caritensis_2",NA,NA
"Lepanthes_eltoroensis",571.224953625324,6.34778309639
"Lepanthes_rubripetala",148.221683958479,4.99870901766822
"Lepanthes_rubripetala_2",42.7352417307883,3.75502391310809
"Lepanthes_rupestris",168.88372563965,5.12921046416628
"Lepanthes_rupestris_2",11.8761281177663,2.47453034479939
"Lepidium_campestre",1.28941261997648,0.254186781326306
"Lepidium_davisii",53.66330513812,3.98272943717668
"Lepidocaryum_tenue",NA,NA
"Leptocoryphium_lanatum",NA,NA
"Lespedeza_cuneata",1.80223138407147,0.589025554978274
"Lespedeza_cuneata_2",4.15926722139717,1.42533891005456
"Lespedeza_virginica",3.03534754226416,1.11032592940994
"Lesquerella_ovalifolia",2.09945153041835,0.741676134625726
"Leucopogon_setiger",108.11688942867,4.68321295137425
"Liatris_scariosa",6.08874813119743,1.80644249921144
"Ligularia_sibirica",19.9728381080757,2.99437325591149
"Limonium_carolinianum",17.5312840302412,2.86398694384001
"Limonium_delicatulum",5.5688471586045,1.7171880591967
"Limonium_erectum",8.43775971906754,2.13271683724402
"Limonium_geronense",13.4876856460359,2.60177709479247
"Limonium_malacitanum",15.5019348460192,2.74096484491017
"Lindera_benzoin",1292.77817814338,7.16454880809419
"Lindera_benzoin_2",7.608961199554,2.02932665789817
"Lindera_umbellata",136.578447684425,4.91689915785425
"Lindera_umbellate_subsp._membrancea",136.578447684425,4.91689915785425
"Linnaea_borealis",3.94021357971391,1.37123492988985
"Linum_catharticum",1.70512057528665,0.533635826878231
"Linum_flavum",5.06489656471551,1.62233371591572
"Linum_tenuifolium",5.08085451670293,1.62547945939374
"Lithospermum_ruderale",77.1348566473542,4.34555527499785
"Lobularia_maritima",18.8619939699487,2.93714899642854
"Lomatium_bradshawii",14.3839244723047,2.6661112269024
"Lomatium_bradshawii_2",9.68322611069475,2.27039512166263
"Lomatium_cookii",16.5919837993343,2.80891967507242
"Lonicera_maackii",11.3083255624443,2.42553922987006
"Lophophora_diffusa",27.8697421149118,3.3275415883083
"Lotus_arinagensis",3.52317663833407,1.25936303671534
"Lotus_corniculatus",NA,NA
"Lupinus_arboreus",7.70799842529784,2.04225854625758
"Lupinus_lepidus_var._lobii",2.12745426301145,0.754926083237341
"Lupinus_tidestromii",6.39297324376642,1.85519945653673
"Lycaste_aromatica",48.6271717642574,3.88418246447351
"Machaerium_cuspidatum",125.81020975413,4.83477449959104
"Macrocystis_pyrifera",NA,NA
"Magnolia_dealbata",22.6723924246149,3.12114799157653
"Magnolia_salicifolia",641.668375376226,6.46407162097422
"Malacothrix_indecora",2.98930412754788,1.09504062705443
"Mammillaria_crucigera",79.7687828783063,4.37913223591904
"Mammillaria_crucigera_2",110.844504154708,4.70812835571468
"Mammillaria_dixanthocentron_2",7.72391196727493,2.04432096720392
"Mammillaria_gaumeri",185.85910376099,5.22498887999871
"Mammillaria_hernandezii_2",40.1888504033785,3.69358960400569
"Mammillaria_huitzilopochtli",32.8991337211656,3.49344632676101
"Mammillaria_huitzilopochtli_2",14.4544681783383,2.67100358325487
"Mammillaria_magnimamma",40.1456157912082,3.6925132386947
"Mammillaria_mystax",13.3172114051243,2.58905728922499
"Mammillaria_napina",70.7651662934146,4.25936687812178
"Mammillaria_pectinifera",15.3182953020787,2.72904788541091
"Mammillaria_pectinifera_3",5.55986583556078,1.71557397767653
"Mammillaria_pectinifera_4",8.63492792837288,2.15581536511018
"Mammillaria_solisioides",24.4522917135499,3.19672394214398
"Mammillaria_supertexta",9.14221373351968,2.21290255893179
"Manglietia_fordiana",116.604091762079,4.7587843655998
"Manilkara_zapota",207.08186757266,5.33311421059773
"Mauritia_flexuosa",30.6341591280992,3.42211569772189
"Melaleuca_viridiflora",NA,NA
"Melaleuca_viridiflora_2",NA,NA
"Melampyrum_pratense",NA,NA
"Melocactus_bahiensis",18.2802637697921,2.9058219953416
"Melocactus_ernestii",23.7329522085217,3.16686447099117
"Miconia_albicans",37.8591740669274,3.63387333008963
"Miconia_prasina",NA,NA
"Microberlinia_bisulcata",84.5896863355549,4.43781234825319
"Microthlaspi_perfoliatum",4.60369435470387,1.52685910175408
"Mimulus_cardinalis",6.39684288091356,1.85580456879597
"Mimulus_guttatus",5.96911062390543,1.78659794208655
"Mimulus_guttatus_2",6.63407624881165,1.8922194340994
"Mimulus_guttatus_3",1.61932875706443,0.482011715887557
"Mimulus_lewisii",12.2719419757938,2.50731551643525
"Minuartia_obtusiloba",169.313024221396,5.13174921601709
"Miscanthus_giganteus",7.30545427652876,1.98862123033672
"Mitrocereus_fulviceps",386.048161825911,5.95596213325122
"Molinia_caerulea",16.5649960229632,2.80729179566509
"Mulinum_spinosum",11.169462175168,2.41318346287697
"Murdannia_nudiflora",5.70598269792737,1.74151522052722
"Murdannia_simplex",NA,NA
"Myosotis_ramosissima",1.02633131630769,0.0259906149988804
"Myrsine_guianensis",NA,NA
"Narcissus_poeticus",NA,NA
"Narcissus_pseudonarcissus",44.206650883618,3.78887525024385
"Nardostachys_grandiflora",26.7659467489039,3.28713043586701
"Neobuxbaumia_macrocephala",69.142636000884,4.23617155932188
"Neobuxbaumia_macrocephala_2",85.0584561910052,4.44333874001353
"Neobuxbaumia_macrocephala_3",69.781145996245,4.24536385861381
"Neobuxbaumia_mezcalaensis",75.6317711896497,4.32587644873492
"Neobuxbaumia_mezcalaensis_2",74.9635314127106,4.31700174744897
"Neobuxbaumia_polylopha",128.429249055054,4.85537816169313
"Neobuxbaumia_tetetzo",147.574614370548,4.99433390801507
"Neobuxbaumia_tetetzo_2",71.8170030982731,4.27412125997232
"Neobuxbaumia_tetetzo_3",142.717982637674,4.96087053362581
"Neobuxbaumia_tetetzo_4",118.503679068976,4.77494400708882
"Neodypsis_decaryi",62.4065051525295,4.13366951918106
"Neotinea_ustulata",0.361111111111111,-1.01856958099457
"Nothofagus_fusca",116.450176829473,4.75746351483047
"Ocotea_usambarensis",NA,NA
"Oenothera_deltoides_subsp._howellii",13.8333124646847,2.62707962999039
"Olearia_flocktoniae",NA,NA
"Oncidium_poikilostalix",9.35235019387859,2.23562766934963
"Oncidium_poikilostalix_2",9.68343834427697,2.27041703907466
"Ophrys_sphegodes",1.54274926094183,0.433566059166473
"Opuntia_macrocentra",533.836557132719,6.28008971932519
"Opuntia_macrorhiza_2",9.79579618602584,2.281953333037
"Opuntia_microdasys",3684.18272344474,8.21180399534301
"Opuntia_rastrera",188.947470293561,5.24146904147386
"Orchis_purpurea",38.2850682194465,3.64505995644796
"Oryza_sativa_var._sylvatica",NA,NA
"Oxalis_acetosella",32.8020213289131,3.4904901393728
"Oxandra_asbeckii",97.9429587762114,4.58438525590782
"Oxytropis_jabalambrensis",3.08807096097818,1.12754661148988
"Pachycereus_pecten-aboriginum",113.319378779212,4.73021019294246
"Paeonia_officinalis",24.2214746694896,3.18723962270784
"Paeonia_officinalis_2",56.8158100738155,4.03981463336593
"Paliurus_ramosissimus",1.21681351070395,0.196235565372665
"Panax_quinquefolius",15.0171346321334,2.70919185797282
"Panax_quinquefolius_2",18.9621106119861,2.94244280982893
"Panax_quinquefolius_3",10.9114685763011,2.38981439906301
"Panax_quinquefolius_4",17.743347583035,2.87601066161796
"Panax_quinquefolius_6",18.3957395984171,2.9121190942403
"Panax_quinquefolius_7",26.1098763251605,3.26231364601504
"Parashorea_chinensis",140.655385827195,4.9463128266108
"Parkinsonia_aculeata",11.8251251671519,2.47022651928197
"Parolinia_glabriuscula",12.4172362782965,2.51908552986738
"Paronychia_jamesii",1.44983046492063,0.371446628852329
"Paronychia_pulvinata",183.675996049419,5.21317331438217
"Pascopyrum_smithii",10.3645163380498,2.33838808180331
"Pedicularis_furbishiae",10.1675275720307,2.31919907057631
"Pediocactus_bradyi",19.5397103426847,2.97244882269129
"Pediomelum_esculentum",49.7140938911239,3.90628847219984
"Pentaclethra_macroloba",112.941779538201,4.72687246061251
"Periandra_mediterranea",22.4695559027863,3.11216132199598
"Persoonia_bargoensis",93.0389296982774,4.53301800447138
"Persoonia_glaucescens",50.4146730877553,3.92028226539998
"Persoonia_lanceolata",NA,NA
"Persoonia_mollis_subsp._maxima",106.866569529546,4.67158104255072
"Persoonia_mollis_subsp._nectens",NA,NA
"Petrocoptis_pseudoviscosa",72.986528204759,4.29027487897755
"Petrocoptis_pseudoviscosa_2",47.2147584032326,3.85470652175251
"Petrophile_pulchella",13.4712751503149,2.60055965188939
"Phacelia_insularis_var._insularis",4.98194634960905,1.60582064793597
"Phaseolus_lunatus",3.95870625749374,1.37591726923436
"Phyllanthus_emblica",51.1964642657007,3.93567047235036
"Phyllanthus_emblica_2",248.189794711857,5.51419375472879
"Phyllanthus_emblica_3",60.5014287425142,4.1026669803367
"Phyllanthus_indofischeri",140.656637663857,4.9463217265977
"Phytelephas_seemannii",34.9939357452944,3.55517478205724
"Picea_engelmannii",194.301241831292,5.26940974767173
"Picea_glehnii",NA,NA
"Picris_hieracioides",4.08958832975418,1.40844431211703
"Pimpinella_saxifraga",10.9551787856066,2.39381229291486
"Pinguicula_alpina",19.5260943106929,2.9717517407976
"Pinguicula_ionantha",9.39610618116579,2.24029536741031
"Pinguicula_villosa",6.5691874689938,1.8823901519403
"Pinguicula_vulgaris",17.9728380086682,2.88886161869129
"Pinus_albicaulis",102.950226041411,4.63424562911404
"Pinus_albicaulis_2",86.6522705939281,4.46190322001827
"Pinus_flexilis",220.426668773527,5.39556507165341
"Pinus_jeffreyi",NA,NA
"Pinus_kwangtungensis",182.56931866985,5.20712992923397
"Pinus_lambertiana",47.9271605073708,3.86968236892489
"Pinus_lambertiana_2",671.894388287948,6.51010116788639
"Pinus_maximartinezii",66.3305474788732,4.19465053736852
"Pinus_nigra",13.3809369611398,2.59383107923932
"Pinus_nigra_subsp._lauricio",17.2617572573394,2.84849349144274
"Pinus_palustris",165.607738881828,5.10962197323742
"Pinus_ponderosa",348.319773217855,5.85312094641188
"Pinus_radiata",3.89461114494441,1.35959383992157
"Pinus_strobus",142.02075679128,4.95597322150528
"Pinus_sylvestris",14.579880260356,2.67964251395118
"Piriqueta_caroliniana",11.5260688268719,2.44461132444137
"Piriqueta_caroliniana_2",13.0842129570798,2.57140638568858
"Pityopsis_aspera",1.60218701867377,0.471369582577675
"Pityopsis_aspera_var._aspera",9.26375187568737,2.22610913675945
"Plantago_coronopus",3.14406707971319,1.14551721012599
"Plantago_coronopus_2",3.97741836547706,1.3806329569405
"Plantago_media",68.0535889156245,4.22029546709879
"Platanthera_hookeri",NA,NA
"Poa_alpina",522.129090261537,6.2579148566608
"Poa_secunda",15.6330284802108,2.74938588639426
"Poa_secunda_2",6.63308535965576,1.89207005939711
"Podococcus_barteri",116.774433674976,4.76024415666522
"Podophyllum_peltatum",NA,NA
"Polemonium_van-bruntiae",4.9299927020507,1.59533750773924
"Polygonella_basiramia",2.76016060012242,1.01528886648633
"Polygonella_robusta",12.1037906223849,2.49351867811972
"Polygonum_perfoliatum",NA,NA
"Polystichum_aculeatum",NA,NA
"Polystichum_setiferum",NA,NA
"Potentilla_anserina",21.3943158950295,3.06312527436479
"Potentilla_recta",NA,NA
"Potentilla_recta_2",10.7484394702058,2.37476057847388
"Potentilla_recta_3",5.20061217241371,1.64877634412246
"Primula_elatior",35.1546536373575,3.55975700315934
"Primula_farinosa",16.8195668763922,2.82254290370149
"Primula_farinosa_4",8.09289218387802,2.09098616827952
"Primula_veris",53.6298501609351,3.98210581904976
"Primula_veris_2",44.5894330962722,3.79749690486205
"Primula_veris_3",17.6760004530244,2.87220781289784
"Primula_veris_4",9.2805547957983,2.2279213290411
"Primula_veris_5",14.6376108162066,2.68359429960101
"Primula_vulgaris",27.8064176190738,3.32526684366189
"Primula_vulgaris_2",15.958875035787,2.77001510305787
"Primula_vulgaris_3",10.290031285335,2.33117559020431
"Prioria_copaifera",18.2528459085615,2.90432100806625
"Prosartes_languinosa",10.2771320471412,2.32992123736269
"Prosartes_lanuginosa",10.3216708303618,2.33424564911552
"Prosopis_<U+FB02>exuosa",309.716812346652,5.73565837141678
"Prosopis_glandulosa",573.732600191938,6.35216343445205
"Prosopis_laevigata",169.813355800316,5.13469992685184
"Prunus_africana",136.666029782716,4.91754021089291
"Prunus_serotina",71.1112858822907,4.26424605673419
"Pseudomisopates_rivas-martinezii",4.4289155680397,1.48815476132284
"Pseudophoenix_sargentii",42.262326290797,3.74389605778118
"Pseudophoenix_sargentii_2",75.9958646306687,4.33067892605154
"Pseudoroegneria_spicata",34.420489194,3.53865200317513
"Psidium_guajava",8.26871291240441,2.11247886359874
"Psoralea_tenuiflora",1.15858636006681,0.147200606839478
"Pterocarpus_angolensis",139.880166172749,4.94078610016093
"Pterocarya_rhoifolia",116.439222305197,4.75736943992345
"Pterocereus_gaumeri",40.4887268802673,3.70102358673095
"Pterygophora_californica",5.14319058629149,1.63767362352237
"Ptychosperma_macarthurii",58.54438878593,4.06978524917325
"Purshia_subintegra",201.504162797232,5.30581004021668
"Pyrrocoma_radiata",15.0505867951254,2.71141698014413
"Pyxidanthera_brevifolia",137.844544016903,4.92612655755634
"Quercus_crispula",27.0472560264375,3.29758555934989
"Quercus_rugosa",96.5815802095383,4.57038804197585
"Ramonda_myconi",69.8136939708553,4.24583017922004
"Ranunculus_acris",3.16553621299964,1.15232246083541
"Ranunculus_bulbosus",4.11252799716736,1.41403792389017
"Ranunculus_bulbosus_2",3.19262632325075,1.16084387689686
"Ranunculus_peltatus",2.56317811334759,0.94124793905535
"Ranunculus_repens",6.54000484198716,1.87793790583384
"Raphanus_raphanistrum",3.56418312507831,1.27093489018483
"Ratibida_columnifera",1.17544216762035,0.161644389676578
"Rhinanthus_minor",1.02668565405214,0.02633580235299
"Rhizophora_mangle",32.0335902499852,3.46678504756688
"Rhododendron_maximum",4.35001380304656,1.47017901820971
"Rhododendron_maximum_2",NA,NA
"Rhododendron_maximum_3",7.06499631890344,1.95515249510358
"Rhododendron_ponticum",59.295897104735,4.08254011481972
"Rhododendron_ponticum_2",34.7247563807289,3.54745287294204
"Rhopalostylis_sapida",142.758707136244,4.96115584237644
"Rhopalostylis_sapida_2",96.3767438817861,4.56826492647243
"Rhus_copallinum",30.6415120051664,3.42235569108195
"Rorippa_palustris",NA,NA
"Rosa_canina",NA,NA
"Rosa_multiflora",7.70031167891204,2.04126080582122
"Rosmarinus_tomentosus",57.027085837783,4.04352634510402
"Roupala_montana",NA,NA
"Rourea_induta",219.288004371771,5.39038595430064
"Rubus_discolor",19.5750345261542,2.97425500566352
"Rubus_saxatilis",NA,NA
"Rubus_ursinus",16.4280157532587,2.79898815502122
"Rumex_obtusifolius",NA,NA
"Rumex_rupestris",11.8453692287704,2.47193700882356
"Rutidosis_leptorrhynchoides",24.509573892337,3.19906381233533
"Rytigynia_kigeziensis",127.895351735104,4.85121236496194
"Sabal_minor",1838.72473433627,7.51682753114756
"Sabal_yapa",96.6791045911462,4.57139729421964
"Salix_arctica",NA,NA
"Salix_arctica_2",NA,NA
"Salix_arctica_3",NA,NA
"Salsola_australis",6.01124524110342,1.79363192194436
"Sambucus_racemosa_subsp._sieboldiana",15.9116753167087,2.76705313641065
"Sambucus_racemosa_subsp._sieboldiana_2",NA,NA
"Sanicula_europaea",16.9552101962052,2.83057517279979
"Santolina_melidensis",17.5635400389703,2.86582516464137
"Sapium_sebiferum",192.50817551809,5.26013862304985
"Saponaria_bellidifolia",78.1881582016893,4.35911820643872
"Sarcocapnos_baetica",58.7561714422604,4.07339619333305
"Sarcocapnos_enneaphylla",5.33413129922118,1.6741260409839
"Sarcocapnos_pulcherrima",60.6101740009016,4.10446276678734
"Sargassum_siliquosum_2",NA,NA
"Sarracenia_alata",20.1536334540924,3.0033845924393
"Sarracenia_purpurea",63.4189258099452,4.14976233124908
"Sarracenia_purpurea_2",30.8447479939023,3.42896649254887
"Saussurea_medusa",6.57412249592372,1.88314110846114
"Saxifraga_aizoides",49.8409545759547,3.90883702710387
"Saxifraga_cotyledon",11.6242550025864,2.45309386362082
"Saxifraga_tridactylites",1.28127988855831,0.247859491287766
"Scabiosa_columbaria",7.03603184956971,1.95104435352364
"Scaphium_borneense",176.56978492013,5.17371618021423
"Scaphium_macropodum",84.4203851108235,4.43580890218739
"Schizachyrium_scoparium",22.5134609727836,3.11411339577799
"Sclerocarya_birrea",19.0166341995988,2.9453140803431
"Scorzonera_hispanica",15.0903924261065,2.71405827814781
"Scorzonera_humilis",NA,NA
"Scorzonera_humilis_2",39.8745324083848,3.68573783460076
"Senecio_filaginoides",5.1848203681699,1.64573519656253
"Senecio_jacobaea",NA,NA
"Senecio_jacobaea_2",32.223974634517,3.47271072937463
"Sequoia_sempervirens",405.922014173881,6.00616105783581
"Sequoia_sempervirens_2",1.89139629458272,0.637315336510288
"Serapias_cordigera",129.316644042602,4.86226400172095
"Sesbania_vesicaria",3.61434178344027,1.28490975976265
"Setaria_faberi",5.49529101351209,1.7038915461461
"Shorea_acuminata",122.107217389548,4.80489948984922
"Shorea_bracteolata",124.134517739108,4.82136579808919
"Shorea_leprosula",80.1323990725666,4.38368025509677
"Shorea_leprosula_2",90.9906917188088,4.51075721248069
"Shorea_maxwelliana",204.320792661952,5.319691271789
"Shorea_ovalis",130.817952269129,4.87380667936919
"Silene_acaulis",219.141204838107,5.38971629299128
"Silene_acaulis_2",279.302296770762,5.63229469622832
"Silene_ciliata",58.4632096330433,4.06839766123865
"Silene_douglasii_var._oraria",54.3423570844183,3.99530397965699
"Silene_regia",7.3943030101982,2.00070984022632
"Silene_spaldingii",28.4803833245382,3.34921554588221
"Silene_spaldingii_2",NA,NA
"Silene_tatarica",12.2020571805436,2.50160455888026
"Solidago_altissima",6722.6990528485,8.81324499764865
"Solidago_altissima_2",NA,NA
"Solidago_mollis",1.06436515677607,0.0623785245011024
"Sonchus_pustulatus",21.0575358116712,3.04725849186704
"Spartina_alterniflora",2.12235448249714,0.752526077369966
"Spathoglottis_plicata",NA,NA
"Sphaeralcea_coccinea",1.25075009960739,0.223743451024302
"Sporobolus_flexuosus",12.5282620827514,2.52798705878948
"Sporobolus_heterolepis",2.64335407987964,0.972048595578228
"Stachyurus_macrocarpus",NA,NA
"Stenocactus_crispatus",37.9805720175253,3.63707476629035
"Stenocereus_eruca_2",65.3610006213089,4.17992575981811
"Stryphnodendron_excelsum",78.603188512005,4.36441226492287
"Styrax_obassia",84.4971406047192,4.43671769479317
"Succisa_pratensis",15.8064161155489,2.76041594086602
"Succisa_pratensis_2",32.4230804752716,3.47887052953797
"Succisa_pratensis_3",33.620255027068,3.51512871352778
"Swallenia_alexandrae",29.1038047691003,3.37086891370971
"Swietenia_macrophylla",196.468953287842,5.28050442029108
"Syzygium_jambos",23.0970411414978,3.13970452021099
"Tachigali_vasquezii",47.359879540098,3.85777544707796
"Taraxacum_erythrospermum",2.55073630213267,0.936382063425631
"Taraxacum_officinale",3.96536748009546,1.37759853177466
"Taraxacum_officinale_2",36.50580328618,3.59747124209213
"Taxus_brevifolia",114.025628878343,4.73642323784976
"Taxus_floridana",148.834821661013,5.00283711156046
"Telipogon_helleri",10.1503140386227,2.31750464477495
"Tetraberlinia_bifoliolata",53.3612816122128,3.97708541953882
"Tetramolopium_arenarium",8.92281314138298,2.18861127146631
"Thelesperma_megapotamicum",1.17161873232787,0.158386324515416
"Themeda_triandra",42.7887224011179,3.75627457256578
"Thlaspi_perfoliatum_2",3.54351247576203,1.26511846000757
"Thrinax_radiata",61.1606034236054,4.11350324732359
"Thymus_loscosii",NA,NA
"Thymus_webbianus",132.202002207851,4.88433107259678
"Tillandsia_brachycaulos",24.6191396183232,3.20352417369251
"Tillandsia_deppeana",9.03036220481283,2.20059247789941
"Tillandsia_flexuosa",20.1587748475284,3.00363966990454
"Tillandsia_juncea",24.2139436762507,3.18692865220085
"Tillandsia_macdougallii",31.5814210139206,3.45256900508939
"Tillandsia_multicaulis",19.9373927123885,2.99259699933377
"Tillandsia_multicaulis_2",23.0768024220279,3.13882788880221
"Tillandsia_punctulata",NA,NA
"Tillandsia_punctulata_2",17.8800775857394,2.88368710898312
"Tillandsia_recurvata",13.4408922964642,2.59830172399718
"Tillandsia_violacea",31.5479747633525,3.45150939559097
"Tolumnia_variegata",7.7742536277101,2.05081745702135
"Torreya_taxifolia",NA,NA
"Tradescantia_blossfeldiana",NA,NA
"Tradescantia_brevifolia",NA,NA
"Tradescantia_fluminensis",NA,NA
"Tradescantia_zebrina",NA,NA
"Tragopogon_dubius",NA,NA
"Tragopogon_pratensis",3.1082933515106,1.13407381399425
"Tragopogon_pratensis_subsp._orientalis",4.4271311643393,1.48775178157839
"Tragopogon_pratensis_subsp._pratensis",2.51020644360886,0.920364998211221
"Trifolium_dasyphyllum",NA,NA
"Trifolium_montanum",14.7034007831863,2.68807881282337
"Trifolium_parryi",NA,NA
"Trifolium_pratense",1.60217866169447,0.471364366581663
"Trillium_apetalon",42.4809090167152,3.7490547754033
"Trillium_camschatcense",224.557875658746,5.41413347199261
"Trillium_grandiflorum",68.2703936232296,4.22347619709732
"Trillium_grandiflorum_2",48.7183395859197,3.88605554207211
"Trillium_grandiflorum_3",21.6343382450475,3.07428178596835
"Trillium_grandiflorum_4",77.4697996305338,4.34988817822681
"Trillium_ovatum",78.0100877228366,4.35683814810717
"Trillium_persistens",85.0950351099511,4.44376869204366
"Trollius_europaeus",19.0911526078987,2.94922501348958
"Trollius_laxus",18.7394009190998,2.93062830826833
"Trollius_laxus_2",19.8660679705275,2.9890131492374
"Tsuga_canadensis",190.386080099679,5.24905401096452
"Tsuga_canadensis_2",22.3997986575054,3.10905197031637
"Ulex_gallii",17.232294064449,2.84678518528984
"Ulex_gallii_2",20.7923014941202,3.03458279772079
"Ulex_gallii_3",NA,NA
"Ulex_minor",17.8108601016775,2.87980838932345
"Vatica_hainanensis",46.7625555082057,3.84508278669747
"Vella_pseudocytisus_subsp._paui",31.7637227643181,3.45832484501093
"Vella_pseudocytisus_subsp._paui_2",64.9312220312455,4.17332858709249
"Vella_pseudocytisus_subsp._pseudocytisus",16.7408259546514,2.81785040402643
"Vellozia_aff._sincorana",2658.82836842887,7.88564084174676
"Verbascum_fontqueri",2.08124005329808,0.732963895539077
"Verbascum_thapsus",2.85998315297483,1.05081573424617
"Veronica_arvensis",1.43778369782944,0.363102829229212
"Veronica_arvensis_2",7.40577157171129,2.00225963833647
"Verticordia_fimbrilepis_subsp._fimbrilepis",9.19524394214778,2.21868638757363
"Verticordia_staminosa_subsp._staminosa",43338.6006610766,10.6767989870997
"Viburnum_furcatum",378.645206146557,5.93659963509822
"Viola_elatior",6.28339487320421,1.83791041932185
"Viola_fimbriatula",7.16880865103478,1.96973948334905
"Viola_pumila",7.5568789498373,2.02245826762754
"Viola_stagnina",14.4732406312596,2.6723014707357
"Vochysia_ferruginea",34.3732547120077,3.53727878268347
"Vouacapoua_americana",143.68382663842,4.96761523726174
"Vulpicida_pinastri",89.0003880381215,4.48864072970153
"Werauhia_sanguinolenta",18.3300550118648,2.90854206303995
"Zamia_amblyphyllidia",255.694127772928,5.54398191673398
"Zamia_inermis",289.518417793889,5.66821891431201
"Zea_diploperennis",21.7800887043984,3.08099619024209
"Ziziphus_mauritiana",57.3324001239205,4.04886591110451
